{
  "test_info": {
    "total_resumes_tested": 500,
    "test_date": "2025-10-07T00:01:04.090591",
    "total_time_minutes": 0.6445613225301107,
    "avg_time_per_resume": 0.07734735870361328,
    "throughput_resumes_per_second": 12.928689702668347
  },
  "overall_metrics": {
    "precision": 0.9090909090909091,
    "recall": 0.0090032154340836,
    "f1_score": 0.01782985226693836,
    "true_positives": 70,
    "false_positives": 7,
    "false_negatives": 7705
  },
  "macro_averaged_metrics": {
    "precision": 0.136,
    "recall": 0.009857437321159483,
    "f1_score": 0.018159853535038992
  },
  "by_experience_level": {}
}